noofnestedsubqueries,noofselectionpredictes,noofequalityselectionpredicate,noofnonequalityselectionpredicate,noofjoins,noofequijoinpredicate,noofnonequijoinpredicate,noofsortedcoloumn,noofaggregation,compilememory,cachedplansize,estimatedpagescached,cputime,compiletime,sizeofnodes,executiontime,class,cluster
2,5,1,4,3,0,0,4,3,64,584,8267,16,16,7,78.0,1,65
2,5,1,4,3,0,0,4,3,64,808,8267,17,17,10,62.0,1,65
2,4,1,3,3,0,1,4,2,48,672,8278,9,9,8,62.0,1,65
2,5,1,4,3,0,0,4,3,64,584,8273,14,14,7,71.0,1,65
2,5,1,4,3,0,0,4,3,64,584,8273,14,14,7,71.0,1,65
