noofnestedsubqueries,noofselectionpredictes,noofequalityselectionpredicate,noofnonequalityselectionpredicate,noofjoins,noofequijoinpredicate,noofnonequijoinpredicate,noofsortedcoloumn,noofaggregation,compilememory,cachedplansize,estimatedpagescached,cputime,compiletime,sizeofnodes,executiontime,class,cluster
1,1,0,1,3,1,1,2,2,56,632,8278,46,46,8,78.0,1,223
1,2,1,1,3,1,1,2,2,64,592,8278,12,12,9,125.0,1,223
1,1,0,1,3,1,1,2,2,56,632,8273,20,20,8,79.0,1,223
1,2,1,1,3,1,1,2,2,64,592,8278,12,12,9,125.0,1,223
1,1,0,1,3,1,1,2,2,56,632,8273,20,20,8,79.0,1,223
