noofnestedsubqueries,noofselectionpredictes,noofequalityselectionpredicate,noofnonequalityselectionpredicate,noofjoins,noofequijoinpredicate,noofnonequijoinpredicate,noofsortedcoloumn,noofaggregation,compilememory,cachedplansize,estimatedpagescached,cputime,compiletime,sizeofnodes,executiontime,class,cluster
2,4,1,3,2,0,0,0,0,64,832,8278,35,35,8,156.0,1,210
2,5,1,4,2,0,0,0,0,64,832,8273,22,22,8,125.0,1,210
2,4,1,3,2,0,0,0,0,64,832,8278,35,35,8,156.0,1,210
2,5,1,4,2,0,0,0,0,64,832,8273,22,22,8,125.0,1,210
