noofnestedsubqueries,noofselectionpredictes,noofequalityselectionpredicate,noofnonequalityselectionpredicate,noofjoins,noofequijoinpredicate,noofnonequijoinpredicate,noofsortedcoloumn,noofaggregation,compilememory,cachedplansize,estimatedpagescached,cputime,compiletime,sizeofnodes,executiontime,class,cluster
2,7,6,1,6,0,0,0,1,120,2328,8267,102,102,17,156.0,1,122
2,7,6,1,6,0,0,2,1,136,2952,8267,154,154,17,194.0,1,122
2,10,9,1,5,0,0,1,1,136,2512,8278,89,89,16,185.0,1,122
2,8,8,0,5,1,0,2,3,168,1920,8278,37,37,26,181.0,1,122
2,8,7,1,5,0,0,1,1,128,1960,8278,60,60,16,125.0,1,122
2,8,7,1,5,0,0,1,1,128,1960,8278,60,60,16,125.0,1,122
