noofnestedsubqueries,noofselectionpredictes,noofequalityselectionpredicate,noofnonequalityselectionpredicate,noofjoins,noofequijoinpredicate,noofnonequijoinpredicate,noofsortedcoloumn,noofaggregation,compilememory,cachedplansize,estimatedpagescached,cputime,compiletime,sizeofnodes,executiontime,class,cluster
1,5,4,1,3,4,1,2,3,48,984,8335,55,55,9,156.0,1,295
1,2,2,0,3,1,1,2,3,48,768,8278,33,33,9,79.0,1,295
1,2,2,0,3,1,1,2,3,48,792,8273,92,92,9,78.0,1,295
1,2,2,0,3,1,1,2,3,48,768,8278,33,33,9,79.0,1,295
1,2,2,0,3,1,1,2,3,48,792,8273,92,92,9,78.0,1,295
