noofnestedsubqueries,noofselectionpredictes,noofequalityselectionpredicate,noofnonequalityselectionpredicate,noofjoins,noofequijoinpredicate,noofnonequijoinpredicate,noofsortedcoloumn,noofaggregation,compilememory,cachedplansize,estimatedpagescached,cputime,compiletime,sizeofnodes,executiontime,class,cluster
1,1,1,0,2,0,0,0,0,56,400,8267,3,3,7,31.0,1,292
1,1,1,0,2,0,0,0,0,56,400,8278,3,3,7,78.0,1,292
1,1,1,0,2,0,0,0,0,56,400,8278,3,3,7,47.0,1,292
1,1,1,0,2,0,0,0,0,56,400,8273,3,3,7,42.0,1,292
1,1,1,0,2,0,0,0,0,56,400,8273,3,3,7,140.0,1,292
1,1,1,0,2,0,0,0,0,56,400,8273,3,3,7,42.0,1,292
1,1,1,0,2,0,0,0,0,56,400,8273,3,3,7,140.0,1,292
