noofnestedsubqueries,noofselectionpredictes,noofequalityselectionpredicate,noofnonequalityselectionpredicate,noofjoins,noofequijoinpredicate,noofnonequijoinpredicate,noofsortedcoloumn,noofaggregation,compilememory,cachedplansize,estimatedpagescached,cputime,compiletime,sizeofnodes,executiontime,class,cluster
1,1,4,6,2,1,3,1,1,48,616,8335,8,8,6,47.0,1,288
1,1,15,6,3,7,3,0,0,80,832,8335,7,7,7,47.0,1,288
1,4,3,4,2,3,4,1,1,32,520,8335,6,6,6,171.0,1,288
1,4,3,3,2,3,3,1,1,32,520,8335,4,4,6,47.0,1,288
