noofnestedsubqueries,noofselectionpredictes,noofequalityselectionpredicate,noofnonequalityselectionpredicate,noofjoins,noofequijoinpredicate,noofnonequijoinpredicate,noofsortedcoloumn,noofaggregation,compilememory,cachedplansize,estimatedpagescached,cputime,compiletime,sizeofnodes,executiontime,class,cluster
1,3,2,1,2,0,0,0,2,72,472,8278,6,6,6,93.0,1,281
1,3,2,1,2,0,1,0,2,56,616,8278,9,9,9,46.0,1,281
1,3,2,1,2,0,1,0,2,56,616,8273,9,9,9,62.0,1,281
1,3,2,1,2,0,1,0,3,64,512,8273,7,7,6,125.0,1,281
1,3,2,1,2,0,1,0,2,56,616,8278,9,9,9,46.0,1,281
1,3,2,1,2,0,1,0,2,56,616,8273,9,9,9,62.0,1,281
1,3,2,1,2,0,1,0,3,64,512,8273,7,7,6,125.0,1,281
