noofnestedsubqueries,noofselectionpredictes,noofequalityselectionpredicate,noofnonequalityselectionpredicate,noofjoins,noofequijoinpredicate,noofnonequijoinpredicate,noofsortedcoloumn,noofaggregation,compilememory,cachedplansize,estimatedpagescached,cputime,compiletime,sizeofnodes,executiontime,class,cluster
1,2,2,0,5,0,1,2,2,40,880,8278,21,21,13,58.0,1,62
1,2,2,0,5,0,1,2,2,40,856,8278,22,22,13,61.0,1,62
1,2,2,0,5,0,1,2,2,40,856,8278,23,23,13,109.0,1,62
1,2,2,0,5,0,1,2,2,40,880,8273,34,34,13,78.0,1,62
1,2,2,0,5,0,1,2,2,40,856,8278,23,23,13,109.0,1,62
1,2,2,0,5,0,1,2,2,40,880,8273,34,34,13,78.0,1,62
