noofnestedsubqueries,noofselectionpredictes,noofequalityselectionpredicate,noofnonequalityselectionpredicate,noofjoins,noofequijoinpredicate,noofnonequijoinpredicate,noofsortedcoloumn,noofaggregation,compilememory,cachedplansize,estimatedpagescached,cputime,compiletime,sizeofnodes,executiontime,class,cluster
1,1,0,1,2,1,0,2,2,24,312,8267,7,7,5,62.0,1,330
1,0,0,0,2,1,0,2,2,24,248,8267,4,4,6,62.0,1,330
1,1,1,0,2,1,0,2,2,24,320,8278,2,2,6,47.0,1,330
1,1,1,0,2,0,1,2,2,24,328,8273,4,4,6,47.0,1,330
1,1,1,0,2,1,0,2,2,24,320,8278,2,2,6,47.0,1,330
1,1,1,0,2,0,1,2,2,24,328,8273,4,4,6,47.0,1,330
