noofnestedsubqueries,noofselectionpredictes,noofequalityselectionpredicate,noofnonequalityselectionpredicate,noofjoins,noofequijoinpredicate,noofnonequijoinpredicate,noofsortedcoloumn,noofaggregation,compilememory,cachedplansize,estimatedpagescached,cputime,compiletime,sizeofnodes,executiontime,class,cluster
1,2,2,0,3,0,1,3,4,64,624,8273,38,38,7,141.0,1,110
1,1,1,0,3,1,1,3,4,56,552,8273,33,33,7,78.0,1,110
1,2,2,0,3,0,1,3,4,64,624,8273,38,38,7,141.0,1,110
1,1,1,0,3,1,1,3,4,56,552,8273,33,33,7,78.0,1,110
