noofnestedsubqueries,noofselectionpredictes,noofequalityselectionpredicate,noofnonequalityselectionpredicate,noofjoins,noofequijoinpredicate,noofnonequijoinpredicate,noofsortedcoloumn,noofaggregation,compilememory,cachedplansize,estimatedpagescached,cputime,compiletime,sizeofnodes,executiontime,class,cluster
2,2,2,2,2,2,2,0,2,120,2120,8335,86,86,19,320.0,1,255
2,3,2,1,2,1,0,0,2,112,2160,8267,112,112,20,125.0,1,255
2,3,1,2,2,1,0,0,2,120,2160,8278,83,83,19,125.0,1,255
2,3,1,2,2,1,0,0,2,120,2192,8273,82,82,19,125.0,1,255
2,3,1,2,2,1,0,0,2,120,2192,8273,82,82,19,125.0,1,255
