noofnestedsubqueries,noofselectionpredictes,noofequalityselectionpredicate,noofnonequalityselectionpredicate,noofjoins,noofequijoinpredicate,noofnonequijoinpredicate,noofsortedcoloumn,noofaggregation,compilememory,cachedplansize,estimatedpagescached,cputime,compiletime,sizeofnodes,executiontime,class,cluster
1,0,0,0,1,0,0,4,2,56,384,8278,7,7,5,157.0,1,157
1,0,0,0,1,0,0,4,2,56,384,8273,3,3,5,62.0,1,157
1,0,0,0,1,0,0,4,2,56,384,8278,7,7,5,157.0,1,157
1,0,0,0,1,0,0,4,2,56,384,8273,3,3,5,62.0,1,157
