noofnestedsubqueries,noofselectionpredictes,noofequalityselectionpredicate,noofnonequalityselectionpredicate,noofjoins,noofequijoinpredicate,noofnonequijoinpredicate,noofsortedcoloumn,noofaggregation,compilememory,cachedplansize,estimatedpagescached,cputime,compiletime,sizeofnodes,executiontime,class,cluster
1,1,2,2,3,2,2,2,3,64,568,8335,11,11,9,188.0,1,254
1,1,2,0,3,2,0,2,3,56,752,8335,18,18,9,204.0,1,254
1,2,1,1,3,1,1,2,3,64,592,8273,19,19,9,172.0,1,254
1,2,1,1,3,1,1,2,3,64,592,8273,19,19,9,172.0,1,254
