noofnestedsubqueries,noofselectionpredictes,noofequalityselectionpredicate,noofnonequalityselectionpredicate,noofjoins,noofequijoinpredicate,noofnonequijoinpredicate,noofsortedcoloumn,noofaggregation,compilememory,cachedplansize,estimatedpagescached,cputime,compiletime,sizeofnodes,executiontime,class,cluster
1,5,4,5,2,4,5,1,1,48,592,1280,8,8,6,47.0,0,290
1,18,12,6,2,0,0,0,3,16,328,1280,0,0,1,98.0,0,290
1,7,0,7,1,0,0,1,1,32,376,1280,2,2,3,109.0,0,290
1,7,0,7,1,0,0,1,1,32,376,1280,2,2,3,109.0,0,290
