noofnestedsubqueries,noofselectionpredictes,noofequalityselectionpredicate,noofnonequalityselectionpredicate,noofjoins,noofequijoinpredicate,noofnonequijoinpredicate,noofsortedcoloumn,noofaggregation,compilememory,cachedplansize,estimatedpagescached,cputime,compiletime,sizeofnodes,executiontime,class,cluster
2,7,6,1,3,0,1,4,4,120,1896,8278,54,54,20,140.0,1,51
2,7,7,0,3,1,0,4,4,112,1536,8273,49,49,17,203.0,1,51
2,7,6,1,3,0,1,4,4,120,1896,8278,54,54,20,140.0,1,51
2,7,7,0,3,1,0,4,4,112,1536,8273,49,49,17,203.0,1,51
