noofnestedsubqueries,noofselectionpredictes,noofequalityselectionpredicate,noofnonequalityselectionpredicate,noofjoins,noofequijoinpredicate,noofnonequijoinpredicate,noofsortedcoloumn,noofaggregation,compilememory,cachedplansize,estimatedpagescached,cputime,compiletime,sizeofnodes,executiontime,class,cluster
3,11,6,5,4,0,0,2,3,56,1712,1280,112,112,13,289.0,0,97
3,5,2,3,2,0,0,2,1,48,1408,1280,75,75,9,141.0,0,97
3,5,3,2,2,0,0,2,3,32,1608,1280,105,105,6,141.0,0,97
3,5,3,2,2,0,0,2,3,32,1608,1280,105,105,6,141.0,0,97
