noofnestedsubqueries,noofselectionpredictes,noofequalityselectionpredicate,noofnonequalityselectionpredicate,noofjoins,noofequijoinpredicate,noofnonequijoinpredicate,noofsortedcoloumn,noofaggregation,compilememory,cachedplansize,estimatedpagescached,cputime,compiletime,sizeofnodes,executiontime,class,cluster
2,7,7,0,7,7,0,0,0,192,2424,8335,73,73,20,344.0,1,346
2,4,4,0,6,4,0,0,0,120,1576,8335,44,44,16,250.0,1,346
2,7,6,0,6,6,0,0,0,104,2160,8335,101,101,14,534.0,1,346
2,7,6,0,6,6,0,1,1,120,2344,8335,115,115,17,312.0,1,346
2,4,4,0,6,4,0,0,0,104,1480,8335,99,99,17,359.0,1,346
