noofnestedsubqueries,noofselectionpredictes,noofequalityselectionpredicate,noofnonequalityselectionpredicate,noofjoins,noofequijoinpredicate,noofnonequijoinpredicate,noofsortedcoloumn,noofaggregation,compilememory,cachedplansize,estimatedpagescached,cputime,compiletime,sizeofnodes,executiontime,class,cluster
1,1,0,1,2,1,0,2,4,56,304,8273,3,3,6,43.0,1,305
1,1,0,1,2,1,0,2,4,40,448,8273,12,12,5,47.0,1,305
1,1,0,1,2,1,0,2,4,56,304,8273,3,3,6,43.0,1,305
1,1,0,1,2,1,0,2,4,40,448,8273,12,12,5,47.0,1,305
