noofnestedsubqueries,noofselectionpredictes,noofequalityselectionpredicate,noofnonequalityselectionpredicate,noofjoins,noofequijoinpredicate,noofnonequijoinpredicate,noofsortedcoloumn,noofaggregation,compilememory,cachedplansize,estimatedpagescached,cputime,compiletime,sizeofnodes,executiontime,class,cluster
1,4,3,1,1,0,0,1,3,8,152,8278,0,0,1,39.0,1,146
1,3,2,1,1,0,0,1,3,32,328,8278,1,1,5,47.0,1,146
1,3,2,1,1,0,0,1,4,32,288,8273,1,1,4,47.0,1,146
1,3,2,1,1,0,0,1,3,32,328,8278,1,1,5,47.0,1,146
1,3,2,1,1,0,0,1,4,32,288,8273,1,1,4,47.0,1,146
