noofnestedsubqueries,noofselectionpredictes,noofequalityselectionpredicate,noofnonequalityselectionpredicate,noofjoins,noofequijoinpredicate,noofnonequijoinpredicate,noofsortedcoloumn,noofaggregation,compilememory,cachedplansize,estimatedpagescached,cputime,compiletime,sizeofnodes,executiontime,class,cluster
2,2,6,1,3,3,0,1,0,136,1232,8335,25,25,18,78.0,1,117
2,6,6,0,4,2,0,1,2,88,1696,8278,44,44,22,156.0,1,117
2,6,6,0,4,1,1,1,2,96,1752,8273,52,52,22,156.0,1,117
2,6,6,0,4,2,0,1,2,88,1696,8278,44,44,22,156.0,1,117
2,6,6,0,4,1,1,1,2,96,1752,8273,52,52,22,156.0,1,117
