noofnestedsubqueries,noofselectionpredictes,noofequalityselectionpredicate,noofnonequalityselectionpredicate,noofjoins,noofequijoinpredicate,noofnonequijoinpredicate,noofsortedcoloumn,noofaggregation,compilememory,cachedplansize,estimatedpagescached,cputime,compiletime,sizeofnodes,executiontime,class,cluster
1,2,2,0,3,0,0,3,3,64,528,1280,8,8,7,47.0,0,356
1,1,1,0,2,0,1,3,3,64,424,1280,3,3,7,62.0,0,356
1,1,1,0,2,0,0,3,3,40,352,1280,3,3,4,78.0,0,356
1,1,1,0,2,0,1,3,3,64,424,1280,3,3,7,62.0,0,356
1,1,1,0,2,0,0,3,3,40,352,1280,3,3,4,78.0,0,356
