noofnestedsubqueries,noofselectionpredictes,noofequalityselectionpredicate,noofnonequalityselectionpredicate,noofjoins,noofequijoinpredicate,noofnonequijoinpredicate,noofsortedcoloumn,noofaggregation,compilememory,cachedplansize,estimatedpagescached,cputime,compiletime,sizeofnodes,executiontime,class,cluster
1,1,1,1,2,1,1,3,6,112,864,8335,10,10,15,203.0,1,354
1,2,3,1,2,3,1,3,6,56,544,8335,9,9,7,172.0,1,354
1,1,1,0,2,1,0,3,7,72,464,8273,3,3,7,110.0,1,354
1,1,1,0,2,1,0,3,7,72,464,8273,3,3,7,110.0,1,354
