noofnestedsubqueries,noofselectionpredictes,noofequalityselectionpredicate,noofnonequalityselectionpredicate,noofjoins,noofequijoinpredicate,noofnonequijoinpredicate,noofsortedcoloumn,noofaggregation,compilememory,cachedplansize,estimatedpagescached,cputime,compiletime,sizeofnodes,executiontime,class,cluster
1,2,2,0,3,0,0,2,2,56,632,8267,34,34,8,125.0,1,116
1,2,2,0,3,0,0,2,2,56,312,8267,2,2,7,63.0,1,116
1,2,1,1,3,0,0,2,2,56,416,8278,5,5,7,47.0,1,116
1,2,1,1,3,0,0,2,2,56,584,8278,18,18,8,156.0,1,116
1,3,2,1,4,0,0,2,2,32,408,8278,3,3,9,47.0,1,116
