noofnestedsubqueries,noofselectionpredictes,noofequalityselectionpredicate,noofnonequalityselectionpredicate,noofjoins,noofequijoinpredicate,noofnonequijoinpredicate,noofsortedcoloumn,noofaggregation,compilememory,cachedplansize,estimatedpagescached,cputime,compiletime,sizeofnodes,executiontime,class,cluster
1,1,1,1,2,1,1,2,0,72,464,8335,3,3,10,172.0,1,340
1,0,0,0,3,2,1,2,1,72,584,8267,8,8,9,47.0,1,340
1,0,0,0,2,2,0,2,1,64,440,8278,4,4,6,31.0,1,340
1,0,0,0,2,1,1,2,1,64,496,8273,6,6,6,47.0,1,340
1,0,0,0,2,2,0,2,1,64,440,8278,4,4,6,31.0,1,340
1,0,0,0,2,1,1,2,1,64,496,8273,6,6,6,47.0,1,340
