noofnestedsubqueries,noofselectionpredictes,noofequalityselectionpredicate,noofnonequalityselectionpredicate,noofjoins,noofequijoinpredicate,noofnonequijoinpredicate,noofsortedcoloumn,noofaggregation,compilememory,cachedplansize,estimatedpagescached,cputime,compiletime,sizeofnodes,executiontime,class,cluster
1,6,4,2,4,0,0,3,2,96,1056,8267,25,25,11,64.0,1,1
1,6,4,2,4,0,0,3,2,96,1056,8278,26,26,11,66.0,1,1
1,6,4,2,4,0,0,3,2,96,1056,8278,33,33,11,78.0,1,1
1,6,4,2,4,0,0,3,2,96,1056,8278,33,33,11,78.0,1,1
