noofnestedsubqueries,noofselectionpredictes,noofequalityselectionpredicate,noofnonequalityselectionpredicate,noofjoins,noofequijoinpredicate,noofnonequijoinpredicate,noofsortedcoloumn,noofaggregation,compilememory,cachedplansize,estimatedpagescached,cputime,compiletime,sizeofnodes,executiontime,class,cluster
1,1,1,0,2,1,0,2,3,80,536,8335,6,6,9,156.0,1,112
1,1,1,0,2,1,0,2,2,64,512,8278,9,9,6,47.0,1,112
1,1,1,0,2,1,0,2,2,64,552,8278,14,14,7,63.0,1,112
1,1,1,0,2,1,0,2,2,64,552,8278,14,14,7,63.0,1,112
