noofnestedsubqueries,noofselectionpredictes,noofequalityselectionpredicate,noofnonequalityselectionpredicate,noofjoins,noofequijoinpredicate,noofnonequijoinpredicate,noofsortedcoloumn,noofaggregation,compilememory,cachedplansize,estimatedpagescached,cputime,compiletime,sizeofnodes,executiontime,class,cluster
2,2,2,0,3,0,2,3,3,120,1296,8267,19,19,16,118.0,1,175
2,2,2,0,3,0,2,3,3,120,1296,8278,20,20,16,94.0,1,175
2,2,2,0,3,0,2,3,3,120,1296,8273,34,34,16,157.0,1,175
2,2,2,0,3,0,2,3,3,120,1296,8273,34,34,16,157.0,1,175
