noofnestedsubqueries,noofselectionpredictes,noofequalityselectionpredicate,noofnonequalityselectionpredicate,noofjoins,noofequijoinpredicate,noofnonequijoinpredicate,noofsortedcoloumn,noofaggregation,compilememory,cachedplansize,estimatedpagescached,cputime,compiletime,sizeofnodes,executiontime,class,cluster
1,3,2,1,3,2,1,1,1,80,568,8335,12,12,10,219.0,1,225
1,5,4,1,2,4,1,0,0,64,1064,8335,24,24,15,187.0,1,225
1,3,2,1,3,2,1,0,1,72,568,8335,14,14,9,187.0,1,225
1,3,2,1,3,2,1,1,1,80,568,8335,11,11,10,62.0,1,225
