noofnestedsubqueries,noofselectionpredictes,noofequalityselectionpredicate,noofnonequalityselectionpredicate,noofjoins,noofequijoinpredicate,noofnonequijoinpredicate,noofsortedcoloumn,noofaggregation,compilememory,cachedplansize,estimatedpagescached,cputime,compiletime,sizeofnodes,executiontime,class,cluster
1,1,0,1,2,2,0,2,3,56,288,1280,2,2,5,47.0,0,56
1,1,1,0,2,1,0,2,3,40,320,1280,2,2,5,47.0,0,56
1,0,0,0,2,1,0,2,3,48,296,1280,2,2,5,78.0,0,56
1,1,1,0,2,0,1,3,3,64,424,1280,3,3,7,62.0,0,56
1,1,1,0,2,0,0,3,3,40,352,1280,3,3,4,78.0,0,56
1,1,1,0,2,1,0,2,3,40,320,1280,2,2,5,47.0,0,56
1,0,0,0,2,1,0,2,3,48,296,1280,2,2,5,78.0,0,56
1,1,1,0,2,0,1,3,3,64,424,1280,3,3,7,62.0,0,56
1,1,1,0,2,0,0,3,3,40,352,1280,3,3,4,78.0,0,56
