noofnestedsubqueries,noofselectionpredictes,noofequalityselectionpredicate,noofnonequalityselectionpredicate,noofjoins,noofequijoinpredicate,noofnonequijoinpredicate,noofsortedcoloumn,noofaggregation,compilememory,cachedplansize,estimatedpagescached,cputime,compiletime,sizeofnodes,executiontime,class,cluster
1,0,1,0,2,0,1,0,0,32,200,8335,1,1,3,234.0,1,318
1,0,0,0,2,0,0,0,0,32,152,8278,0,0,4,90.0,1,318
1,0,0,0,3,0,0,0,0,32,184,8278,1,1,6,109.0,1,318
1,0,0,0,3,0,0,0,0,32,176,8273,1,1,7,125.0,1,318
1,0,0,0,3,0,0,0,0,32,184,8278,1,1,6,109.0,1,318
1,0,0,0,3,0,0,0,0,32,176,8273,1,1,7,125.0,1,318
