noofnestedsubqueries,noofselectionpredictes,noofequalityselectionpredicate,noofnonequalityselectionpredicate,noofjoins,noofequijoinpredicate,noofnonequijoinpredicate,noofsortedcoloumn,noofaggregation,compilememory,cachedplansize,estimatedpagescached,cputime,compiletime,sizeofnodes,executiontime,class,cluster
2,3,1,2,2,0,0,1,4,64,576,8278,14,14,10,47.0,1,26
2,3,2,1,2,0,0,1,3,72,592,8273,7,7,9,78.0,1,26
2,3,2,1,2,0,0,1,3,64,576,8273,8,8,9,62.0,1,26
2,3,2,1,2,0,0,1,3,72,592,8273,7,7,9,78.0,1,26
2,3,2,1,2,0,0,1,3,64,576,8273,8,8,9,62.0,1,26
