noofnestedsubqueries,noofselectionpredictes,noofequalityselectionpredicate,noofnonequalityselectionpredicate,noofjoins,noofequijoinpredicate,noofnonequijoinpredicate,noofsortedcoloumn,noofaggregation,compilememory,cachedplansize,estimatedpagescached,cputime,compiletime,sizeofnodes,executiontime,class,cluster
1,2,2,0,3,0,0,2,1,56,392,8267,7,7,7,109.0,1,208
1,2,2,0,3,0,0,2,1,64,608,8267,25,25,9,109.0,1,208
1,2,2,0,3,0,0,2,2,72,512,8267,7,7,8,47.0,1,208
1,2,2,0,3,0,0,2,2,64,552,8267,11,11,8,78.0,1,208
1,2,2,0,3,0,0,2,1,64,432,8278,8,8,7,47.0,1,208
1,2,2,0,3,0,0,2,2,72,632,8278,16,16,9,78.0,1,208
1,2,2,0,3,0,0,2,1,64,728,8278,13,13,8,47.0,1,208
1,1,1,0,3,1,0,2,2,64,392,8278,7,7,7,46.0,1,208
