noofnestedsubqueries,noofselectionpredictes,noofequalityselectionpredicate,noofnonequalityselectionpredicate,noofjoins,noofequijoinpredicate,noofnonequijoinpredicate,noofsortedcoloumn,noofaggregation,compilememory,cachedplansize,estimatedpagescached,cputime,compiletime,sizeofnodes,executiontime,class,cluster
1,2,2,0,5,0,1,2,2,40,872,1280,33,33,13,31.0,0,275
1,2,2,0,5,0,1,2,2,40,880,1280,21,21,13,78.0,0,275
1,3,2,1,4,0,1,2,2,80,776,1280,17,17,9,94.0,0,275
1,3,2,1,4,0,1,2,2,80,776,1280,17,17,9,94.0,0,275
