noofnestedsubqueries,noofselectionpredictes,noofequalityselectionpredicate,noofnonequalityselectionpredicate,noofjoins,noofequijoinpredicate,noofnonequijoinpredicate,noofsortedcoloumn,noofaggregation,compilememory,cachedplansize,estimatedpagescached,cputime,compiletime,sizeofnodes,executiontime,class,cluster
1,2,1,1,3,1,1,2,3,64,592,1280,12,12,9,94.0,0,52
1,2,2,0,3,0,0,3,3,64,528,1280,8,8,7,47.0,0,52
1,2,1,1,3,1,0,2,3,48,648,1280,16,16,7,55.0,0,52
1,2,1,1,3,1,0,2,3,48,648,1280,16,16,7,55.0,0,52
