noofnestedsubqueries,noofselectionpredictes,noofequalityselectionpredicate,noofnonequalityselectionpredicate,noofjoins,noofequijoinpredicate,noofnonequijoinpredicate,noofsortedcoloumn,noofaggregation,compilememory,cachedplansize,estimatedpagescached,cputime,compiletime,sizeofnodes,executiontime,class,cluster
1,18,12,6,2,0,0,2,3,16,328,8278,1,1,1,47.0,1,162
1,12,8,4,2,0,1,2,3,16,264,8278,0,0,1,47.0,1,162
1,12,8,4,2,0,1,2,3,16,264,8273,1,1,1,140.0,1,162
1,12,8,4,2,0,1,2,3,16,264,8278,0,0,1,47.0,1,162
1,12,8,4,2,0,1,2,3,16,264,8273,1,1,1,140.0,1,162
