noofnestedsubqueries,noofselectionpredictes,noofequalityselectionpredicate,noofnonequalityselectionpredicate,noofjoins,noofequijoinpredicate,noofnonequijoinpredicate,noofsortedcoloumn,noofaggregation,compilememory,cachedplansize,estimatedpagescached,cputime,compiletime,sizeofnodes,executiontime,class,cluster
1,3,2,1,4,2,1,0,3,48,624,1280,13,13,9,94.0,0,347
1,3,1,2,4,0,0,0,2,32,1360,1280,49,49,11,93.0,0,347
1,1,1,0,3,2,0,0,3,56,344,1280,3,3,7,47.0,0,347
1,1,1,0,3,2,0,0,3,56,344,1280,3,3,7,47.0,0,347
