noofnestedsubqueries,noofselectionpredictes,noofequalityselectionpredicate,noofnonequalityselectionpredicate,noofjoins,noofequijoinpredicate,noofnonequijoinpredicate,noofsortedcoloumn,noofaggregation,compilememory,cachedplansize,estimatedpagescached,cputime,compiletime,sizeofnodes,executiontime,class,cluster
1,1,1,0,2,1,0,2,3,64,448,8335,4,4,8,156.0,1,188
1,1,0,1,2,2,0,2,3,56,288,8267,2,2,5,47.0,1,188
1,1,0,1,2,2,0,2,3,56,272,8278,2,2,5,41.0,1,188
1,0,0,0,2,2,1,2,3,32,368,8278,2,2,6,110.0,1,188
1,0,0,0,2,1,0,2,3,48,320,8273,4,4,6,125.0,1,188
1,0,0,0,2,1,1,2,3,64,568,8273,10,10,7,47.0,1,188
1,0,0,0,2,1,0,2,3,48,320,8273,4,4,6,125.0,1,188
1,0,0,0,2,1,1,2,3,64,568,8273,10,10,7,47.0,1,188
