noofnestedsubqueries,noofselectionpredictes,noofequalityselectionpredicate,noofnonequalityselectionpredicate,noofjoins,noofequijoinpredicate,noofnonequijoinpredicate,noofsortedcoloumn,noofaggregation,compilememory,cachedplansize,estimatedpagescached,cputime,compiletime,sizeofnodes,executiontime,class,cluster
1,5,4,1,5,1,1,2,2,80,1648,8278,52,52,11,94.0,1,291
1,5,3,2,5,1,1,2,2,72,1632,8273,48,48,14,125.0,1,291
1,5,4,1,5,1,1,2,2,80,1648,8278,52,52,11,94.0,1,291
1,5,3,2,5,1,1,2,2,72,1632,8273,48,48,14,125.0,1,291
