noofnestedsubqueries,noofselectionpredictes,noofequalityselectionpredicate,noofnonequalityselectionpredicate,noofjoins,noofequijoinpredicate,noofnonequijoinpredicate,noofsortedcoloumn,noofaggregation,compilememory,cachedplansize,estimatedpagescached,cputime,compiletime,sizeofnodes,executiontime,class,cluster
1,1,1,0,1,0,0,4,2,32,368,8271,3,3,5,46.0,1,39
1,1,1,0,1,1,0,4,3,24,184,8278,1,1,4,47.0,1,39
1,0,0,0,1,1,0,4,3,24,184,8278,1,1,4,47.0,1,39
1,0,0,0,1,1,0,4,3,24,184,8273,1,1,4,78.0,1,39
1,0,0,0,1,1,0,4,3,24,184,8273,1,1,4,78.0,1,39
