noofnestedsubqueries,noofselectionpredictes,noofequalityselectionpredicate,noofnonequalityselectionpredicate,noofjoins,noofequijoinpredicate,noofnonequijoinpredicate,noofsortedcoloumn,noofaggregation,compilememory,cachedplansize,estimatedpagescached,cputime,compiletime,sizeofnodes,executiontime,class,cluster
1,6,4,2,5,0,1,5,4,120,1544,8278,46,46,13,188.0,1,33
1,6,4,2,5,0,1,5,4,120,1544,8273,45,45,13,188.0,1,33
1,6,4,2,5,0,1,5,4,120,1544,8278,46,46,13,188.0,1,33
1,6,4,2,5,0,1,5,4,120,1544,8273,45,45,13,188.0,1,33
